sequence,sequence_id
MAFSAEDVLKEYDRRRRMEALLLSLYYPNDRKLLDYKEWSPPRVQVECPKAPVEWNNPPSEKGLIVGHFSGIKYKGEKAQASEVDVNKMCCWVSKFKDAMRRYQGIQTCKIPGKVLSDLDAKIKAYNLTVEGVEGFVRYSRVTKQHVAAFLKELRHSKQYENVNLIHYILTDKRVDIQHLEKDLVKDFKALVESAHRMRQGHMINVKYILYQLLKKHGHGPDGPDILTVKTGSKGVLYDDSFRKIYTDLGWKFTPL,UniRef100_Q6GZX4 Putative transcription factor 001R n=4 Tax=Ranavirus TaxID=10492 RepID=001R_FRG3G
MSIIGATRLQNDKSDTYSAGPCYAGGCSAFTPRGTCGKDWDLGEQTCASGFCTSQPLCARIKKTQVCGLRYSSKGKDPLVSAEWDSRGAPYVRCTYDADLIDTQAQVDQFVSMFGESPSLAERYCMRGVKNTAGELVSRVSSDADPAGGWCRKWYSAHRGPDQDAALGSFCIKNPGAADCKCINRASDPVYQKVKTLHAYPDQCWYVPCAADVGELKMGTQRDTPTNCPTQVCQIVFNMLDDGSVTMDDVKNTINCDFSKYVPPPPPPKPTPPTPPTPPTPPTPPTPPTPPTPRPVHNRKVMFFVAGAVLVAILISTVRW,UniRef100_Q6GZX3 Uncharacterized protein 002L n=3 Tax=Frog virus 3 TaxID=10493 RepID=002L_FRG3G
MASNTVSAQGGSNRPVRDFSNIQDVAQFLLFDPIWNEQPGSIVPWKMNREQALAERYPELQTSEPSEDYSGPVESLELLPLEIKLDIMQYLSWEQISWCKHPWLWTRWYKDNVVRVSAITFEDFQREYAFPEKIQEIHFTDTRAEEIKAILETTPNVTRLVIRRIDDMNYNTHGDLGLDDLEFLTHLMVEDACGFTDFWAPSLTHLTIKNLDMHPRWFGPVMDGIKSMQSTLKYLYIFETYGVNKPFVQWCTDNIETFYCTNSYRYENVPRPIYVWVLFQEDEWHGYRVEDNKFHRRYMYSTILHKRDTDWVENNPLKTPAQVEMYKFLLRISQLNRDGTGYESDSDPENEHFDDESFSSGEEDSSDEDDPTWAPDSDDSDWETETEEEPSVAARILEKGKLTITNLMKSLGFKPKPKKIQSIDRYFCSLDSNYNSEDEDFEYDSDSEDDDSDSEDDC,UniRef100_Q197F8 Uncharacterized protein 002R n=1 Tax=Invertebrate iridescent virus 3 TaxID=345201 RepID=002R_IIV3
MYQAINPCPQSWYGSPQLEREIVCKMSGAPHYPNYYPVHPNALGGAWFDTSLNARSLTTTPSLTTCTPPSLAACTPPTSLGMVDSPPHINPPRRIGTLCFDFGSAKSPQRCECVASDRPSTTSNTAPDTYRLLITNSKTRKNNYGTCRLEPLTYGI,UniRef100_Q197F7 Uncharacterized protein 003L n=1 Tax=Invertebrate iridescent virus 3 TaxID=345201 RepID=003L_IIV3
MARPLLGKTSSVRRRLESLSACSIFFFLRKFCQKMASLVFLNSPVYQMSNILLTERRQVDRAMGGSDDDGVMVVALSPSDFKTVLGSALLAVERDMVHVVPKYLQTPGILHDMLVLLTPIFGEALSVDMSGATDVMVQQIATAGFVDVDPLHSSVSWKDNVSCPVALLAVSNAVRTMMGQPCQVTLIIDVGTQNILRDLVNLPVEMSGDLQVMAYTKDPLGKVPAVGVSVFDSGSVQKGDAHSVGAPDGLVSFHTHPVSSAVELNYHAGWPSNVDMSSLLTMKNLMHVVVAEEGLWTMARTLSMQRLTKVLTDAEKDVMRAAAFNLFLPLNELRVMGTKDSNNKSLKTYFEVFETFTIGALMKHSGVTPTAFVDRRWLDNTIYHMGFIPWGRDMRFVVEYDLDGTNPFLNTVPTLMSVKRKAKIQEMFDNMVSRMVTS,UniRef100_Q6GZX2 Uncharacterized protein 3R n=6 Tax=Ranavirus TaxID=10492 RepID=003R_FRG3G
MNAKYDTDQGVGRMLFLGTIGLAVVVGGLMAYGYYYDGKTPSSGTSFHTASPSFSSRYRY,UniRef100_Q6GZX1 Uncharacterized protein 004R n=12 Tax=Ranavirus TaxID=10492 RepID=004R_FRG3G
MRYTVLIALQGALLLLLLIDDGQGQSPYPYPGMPCNSSRQCGLGTCVHSRCAHCSSDGTLCSPEDPTMVWPCCPESSCQLVVGLPSLVNHYNCLPNQCTDSSQCPGGFGCMTRRSKCELCKADGEACNSPYLDWRKDKECCSGYCHTEARGLEGVCIDPKKIFCTPKNPWQLAPYPPSYHQPTTLRPPTSLYDSWLMSGFLVKSTTAPSTQEEEDDY,UniRef100_Q197F5 Uncharacterized protein 005L n=1 Tax=Invertebrate iridescent virus 3 TaxID=345201 RepID=005L_IIV3
MQNPLPEVMSPEHDKRTTTPMSKEANKFIRELDKKPGDLAVVSDFVKRNTGKRLPIGKRSNLYVRICDLSGTIYMGETFILESWEELYLPEPTKMEVLGTLESCCGIPPFPEWIVMVGEDQCVYAYGDEEILLFAYSVKQLVEEGIQETGISYKYPDDISDVDEEVLQQDEEIQKIRKKTREFVDKDAQEFQDFLNSLDASLLS,UniRef100_Q6GZX0 Uncharacterized protein 005R n=2 Tax=Frog virus 3 TaxID=10493 RepID=005R_FRG3G
MDSLNEVCYEQIKGTFYKGLFGDFPLIVDKKTGCFNATKLCVLGGKRFVDWNKTLRSKKLIQYYETRCDIKTESLLYEIKGDNNDEITKQITGTYLPKEFILDIASWISVEFYDKCNNIIINYFVNEYKTMDKKTLQSKINEVEEKMQKLLNEKEEELQEKNDKIDELILFSKRMEEDRKKDREMMIKQEKMLRELGIHLEDVSSQNNELIEKVDEQVEQNAVLNFKIDNIQNKLEIAVEDRAPQPKQNLKRERFILLKRNDDYYPYYTIRAQDINARSALKRQKNLYNEVSVLLDLTCHPNSKTLYVRVKDELKQKGVVFNLCKVSISNSKINEEELIKAMETINDEKRDV,UniRef100_Q91G88 Putative KilA-N domain-containing protein 006L n=1 Tax=Invertebrate iridescent virus 6 TaxID=176652 RepID=006L_IIV6
MRSIKPLRCCNAHGRHVSQEYGRCTLLLFREKLFLQTGLVCNKQCNAPNNDGAESKHHGIHHGSRGALALRGAGVHLLASAALGPRVLAGLVPTGRSVQGSVGQCGRVAQIGRARDVAARKQESYCEK,UniRef100_Q6GZW8 Uncharacterized protein 007R n=4 Tax=Ranavirus TaxID=10492 RepID=007R_FRG3G
MEAKNITIDNTTYNFFKFYNINQPLTNLKYLNSERLCFSNAVMGKIVDDASTITITYHRVYFGISGPKPRQVADLGEYYDVNELLNYDTYTKTQEFAQKYNSLVKPTIDAKNWSGNELVLLVGNEWYCKTFGKAGSKNVFLYNMIPTIYRDEPQHQEQILKKFMFFNATKNVEQNPNFLDNVPEEYYHLLLPKSWVEKNLSDKYRKIMETEHKPLVFSCEPAFSFGLCRNTQDKNESYQLSLCLYEREKPRDAEIVWAAKYDELAAMVRDYLKKTPEFKKYRSFISCMKGLSWKNNEIGDKDGPKLYPKVIFNRKKGEFVTIFTKDDDVEPETIEDPRTILDRRCVVQAALRLESVFVHNKVAIQLRINDVLISEWKEASSKPQPLILRRHRFTKPSSSVAKSTSPSLRNSGSDESDLNQSDSDKEDERVVPVPKTKRIVKTVKLPN,UniRef100_Q197F3 Uncharacterized protein 007R n=1 Tax=Invertebrate iridescent virus 3 TaxID=345201 RepID=007R_IIV3
MSFKVYDPIAELIATQFPTSNPDLQIINNDVLVVSPHKITLPMGPQNAGDVTNKAYVDQAVMSAAVPVASSTTVGTIQMAGDLEGSSGTNPIIAANKITLNKLQKIGPKMVIGNPNSDWNNTQEIELDSSFRIVDNRLNAGIVPISSTDPNKSNTVIPAPQQNGLFYLDSSGRVWVWAEHYYKCITPSRYISKWMGVGDFQELTVGQSVMWDSGRPSIETVSTQGLEVEWISSTNFTLSSLYLIPIVVKVTICIPLLGQPDQMAKFVLYSVSSAQQPRTGIVLTTDSSRSSAPIVSEYITVNWFEPKSYSVQLKEVNSDSGTTVTICSDKWLANPFLDCWITIEEVG,UniRef100_Q197F2 Uncharacterized protein 008L n=1 Tax=Invertebrate iridescent virus 3 TaxID=345201 RepID=008L_IIV3
MDTSPYDFLKLYPWLSRGEADKGTLLDAFPGETFEQSLASDVAMRRAVQDDPAFGHQKLVETFLSEDTPYRELLLFHAPGTGKTCTVVSVAERAKEKGLTRGCIVLARGAALLRNFLHELVFNCGTGGRYIPEGYADMGDQERTRKMRKAVSSYYQFRTYETFAKSVATMSAEAIRARYDRFVIVMDEVHHLRSVQAEGVNTYSAISRFLRTVRGCVKMLLTGTPMTNEPGELADVLNLILPQDKTIRPEDGIFSNSGDLLKPDELAERVRGRVSYLKAARPDAGLTFAGEVLGGTGMTHLRLVRLEMSAFQSDAYASAWDQDAGDRNIFSNSRQCSLAVMPDRRWGSAAEARNPSQVRRMAGQNLAEYSVKYDYLVRVASSSPKTFAYCEYVNGSGLSLLSDILLANGWRRATGRETTPGKRFALLTASQKNIHKIVQRFNHEDNVDGAYISLLLGSRVVAEGLTFKEVRHTVILTPHWNYTETAQAIARSWRAGSHDRLKARGEAVAVTVHRLVAVPRGRDTPRSIDSDMYAVSEVKDKRIKAVERILMTSAADCSLLRSRNLYPSEFDGSRECEYGRCAYRCSNVSVEPGPLPALLGASAAEAVAQVRLDGGGDPAIMKVDMSTLWAEVTAGRRYVNRWGDGAVLRAEGGRLELSAPYGSSEEGRWGDFYKTRNLCYAKMDQDHLRADDLRDSLPQEVEELLTVSPVETIGETASAMPQEVATAILMACVQARADGKTLNVVRRDALLDFYKGFYAMGPSGWTVWLHARGANAKVYDGRRWNPADEDTLEFLAARSAKFTDTRIGYYGLYNPNLKDFCIRDVTQGKRDKVDLRKLTVGRRCVDWDQRTLVHIVARLMKIDGRRDFMPHATLREMRELAEQDPLHEPSDLTSKEACRRFLFWTQKGDNKFRRQDICKAMEKWFIENDLMEDNFDCGHQHKRRGKFA,UniRef100_Q6GZW6 Putative helicase 009L n=6 Tax=Ranavirus TaxID=10492 RepID=009L_FRG3G
MIKLFCVLAAFISINSACQSSHQQREEFTVATYHSSSICTTYCYSNCVVASQHKGLNVESYTCDKPDPYGRETVCKCTLIKCHDI,UniRef100_Q91G85 Uncharacterized protein 009R n=1 Tax=Invertebrate iridescent virus 6 TaxID=176652 RepID=009R_IIV6
MKMDTDCRHWIVLASVPVLTVLAFKGEGALALAGLLVMAAVAMYRDRTEKKYSAARAPSPIAGHKTAYVTDPSAFAAGTVPVYPAPSNMGSDRFEGWVGGVLTGVGSSHLDHRKFAERQLVDRREKMVGYGWTKSFF,UniRef100_Q6GZW5 Uncharacterized protein 010R n=9 Tax=Ranavirus TaxID=10492 RepID=010R_FRG3G
